{"cameraMode":{"drawMode":0,"name":"Shaded","section":"Shading Mode"},"sceneLighting":false,"audioPlay":false,"sceneViewState":{"m_AlwaysRefresh":false,"showFog":true,"showSkybox":false,"showFlares":true,"showImageEffects":true,"showParticleSystems":true,"showVisualEffectGraphs":true,"m_FxEnabled":true},"in2DMode":false,"pivot":{"x":138.75350952148438,"y":0.8192465305328369,"z":22.905227661132814},"rotation":{"x":-0.27305561304092409,"y":0.2936616837978363,"z":-0.08905833959579468,"w":-0.911750853061676},"size":2.8898046016693117,"orthographic":false}